Package,Built
acepack,3.5.1
addinexamples,3.5.1
AGBfluxes,3.5.1
allodb,3.5.1
animation,3.5.1
anytime,3.5.2
assertthat,3.5.0
available,3.5.1
babynames,3.5.1
backports,3.5.1
base64enc,3.5.0
BBmisc,3.5.1
bci,3.5.1
bciex,3.5.0
beeswarm,3.5.0
bench,3.5.1
BH,3.5.2
bindr,3.5.0
bindrcpp,3.5.0
BIOMASS,3.5.1
bit,3.5.0
bit64,3.5.0
bitops,3.5.0
blob,3.5.1
blogdown,3.5.2
bmss,3.5.1
bookdown,3.5.1
brew,3.5.0
broom,3.5.1
bukittimah,3.5.0
callr,3.5.1
caTools,3.5.1
cellranger,3.5.0
checkmate,3.5.2
cli,3.5.1
clipr,3.5.2
clisymbols,3.5.0
cloc,3.5.0
clusterGeneration,3.5.1
coda,3.5.1
colorspace,3.5.0
colourpicker,3.5.1
colsum,3.5.0
combinat,3.5.0
commonmark,3.5.1
conflicted,3.5.1
corrplot,3.5.0
covr,3.5.1
crancache,3.5.1
cranlike,3.5.1
crayon,3.5.1
crosstalk,3.5.0
csvy,3.5.1
ctfs,3.5.1
curl,3.5.2
cyclocomp,3.5.0
data.table,3.5.1
datapasta,3.5.1
datapkg,3.5.0
date,3.5.0
DBI,3.5.0
debugme,3.5.0
demo,3.5.1
DependenciesGraphs,3.5.0
desc,3.5.1
deSolve,3.5.0
devtools,3.5.1
dichromat,3.5.0
digest,3.5.1
doParallel,3.5.1
downloader,3.5.1
dplyr,3.5.1
drake,3.5.1
DT,3.5.1
enc,3.5.0
evaluate,3.5.1
expm,3.5.1
fansi,3.5.1
FastField,3.5.0
fastmatch,3.5.0
feather,3.5.2
fgeo,3.5.2
fgeo.analyze,3.5.2
fgeo.biomass,3.5.1
fgeo.build,3.5.1
fgeo.data,3.5.1
fgeo.demography,3.5.1
fgeo.fastfield,3.5.0
fgeo.install,3.5.2
fgeo.krig,3.5.2
fgeo.misc,3.5.2
fgeo.plot,3.5.2
fgeo.template,3.5.2
fgeo.tool,3.5.2
fgeo.x,3.5.2
filenamer,3.5.1
flexdashboard,3.5.0
forcats,3.5.0
foreach,3.5.1
formatR,3.5.1
formattable,3.5.0
Formula,3.5.0
fs,3.5.1
fst,3.5.1
functionMap,3.5.0
future,3.5.1
gapminder,3.5.1
generics,3.5.2
geoR,3.5.1
ggbeeswarm,3.5.0
ggExtra,3.5.1
ggplot2,3.5.1
ggrepel,3.5.1
ggstance,3.5.1
gh,3.5.1
gistfo,3.5.1
gistr,3.5.1
git2r,3.5.2
globals,3.5.1
glue,3.5.1
gmailr,3.5.1
goodpractice,3.5.0
googlesheets,3.5.1
gridExtra,3.5.0
gtable,3.5.0
handy,3.5.1
haven,3.5.1
here,3.5.1
hexbin,3.5.0
highlight,3.5.0
highr,3.5.0
Hmisc,3.5.1
hms,3.5.0
hrv,3.5.1
htmlTable,3.5.2
htmltools,3.5.0
htmlwidgets,3.5.1
httpuv,3.5.1
httr,3.5.2
hunspell,3.5.1
icon,3.5.1
ids,3.5.1
igraph,3.5.1
ini,3.5.0
installr,3.5.1
ISOcodes,3.5.0
iterators,3.5.1
jadd,3.5.1
janeaustenr,3.5.0
janitor,3.5.1
jsonlite,3.5.1
kableExtra,3.5.1
knitr,3.5.1
labeling,3.5.0
Lahman,3.5.2
later,3.5.1
latticeExtra,3.5.1
lazyeval,3.5.0
leaflet,3.5.1
learnr,3.5.1
lintr,3.5.1
listenv,3.5.1
lme4,3.5.1
locfit,3.5.1
lubridate,3.5.1
luquillo,3.5.1
lvplot,3.5.0
magick,3.5.1
magrittr,3.5.1
maps,3.5.1
markdown,3.5.1
MatrixModels,3.5.0
mcmc,3.5.0
MCMCpack,3.5.1
mcr,3.5.1
measurements,3.5.1
memoise,3.5.1
microbenchmark,3.5.1
mime,3.5.1
miniUI,3.5.0
minpack.lm,3.5.1
minqa,3.5.0
mnormt,3.5.0
mockery,3.5.1
modelr,3.5.0
msm,3.5.1
MuMIn,3.5.1
munsell,3.5.0
mvbutils,3.5.1
mvtnorm,3.5.0
myd,3.5.1
mydata,3.5.1
mydatasets,3.5.1
mylittlepony,3.5.0
mypkg,3.5.0
ncbit,3.5.0
ngel,3.5.0
nloptr,3.5.1
numDeriv,3.5.0
nycflights13,3.5.1
odbc,3.5.1
openssl,3.5.1
openxlsx,3.5.1
packrat,3.5.1
parsedate,3.5.0
pasoh,3.5.0
permute,3.5.0
phangorn,3.5.1
pillar,3.5.1
pingr,3.5.2
pipecleaner,3.5.1
pkgbuild,3.5.1
pkgconfig,3.5.1
pkgdoc,3.5.2
pkgdown,3.5.1
pkginspector,3.5.1
pkgload,3.5.1
pkgreviewr,3.5.0
pkgsearch,3.5.1
PKI,3.5.0
plogr,3.5.0
plotly,3.5.1
plotrix,3.5.1
plyr,3.5.0
png,3.5.0
praise,3.5.0
prefixer,3.5.1
prettyunits,3.5.0
processx,3.5.1
profmem,3.5.1
profvis,3.5.1
progress,3.5.1
promises,3.5.0
pryr,3.5.0
ps,3.5.2
psych,3.5.1
purrr,3.5.1
quadprog,3.5.0
quantreg,3.5.1
R.methodsS3,3.5.0
R.oo,3.5.0
R.utils,3.5.1
R6,3.5.1
radix,3.5.1
RandomFields,3.5.0
RandomFieldsUtils,3.5.0
RApiDatetime,3.5.2
rappdirs,3.5.0
raster,3.5.1
rcmdcheck,3.5.1
RColorBrewer,3.5.0
Rcpp,3.5.1
RcppEigen,3.5.1
RCurl,3.5.1
readODS,3.5.1
readr,3.5.2
readwith,3.5.2
readxl,3.5.1
regexplain,3.5.1
rematch,3.5.0
rematch2,3.5.0
remotes,3.5.2
reprex,3.5.1
repurrrsive,3.5.1
reshape2,3.5.0
reticulate,3.5.1
revdepcheck,3.5.1
rex,3.5.0
rhub,3.5.0
rio,3.5.1
RJSONIO,3.5.1
rlang,3.5.2
rlist,3.5.0
rmarkdown,3.5.1
rmatio,3.5.1
roxygen2,3.5.1
roxygen2Comment,3.5.0
roxygen2md,3.5.0
rprojroot,3.5.0
rsconnect,3.5.2
RSQLite,3.5.1
rstudioapi,3.5.2
rtbl,3.5.1
rversions,3.5.1
rvest,3.5.0
sankey,3.5.0
scales,3.5.1
scatterplot3d,3.5.0
selectr,3.5.0
servr,3.5.1
sessioninfo,3.5.1
shiny,3.5.1
shinyAce,3.5.2
shinydashboard,3.5.1
shinyFiles,3.5.1
shinyjs,3.5.0
shinyWidgets,3.5.1
simplegraph,3.5.0
sinharaja,3.5.0
sloop,3.5.1
snakecase,3.5.1
SnowballC,3.5.0
sourcetools,3.5.0
sp,3.5.0
SparseM,3.5.0
spelling,3.5.1
splancs,3.5.0
stopwords,3.5.0
storr,3.5.1
stringdist,3.5.0
stringi,3.5.1
stringr,3.5.1
styler,3.5.1
subplex,3.5.0
TaperCorrection,3.5.1
TaperCorrectionPrivate,3.5.1
testthat,3.5.1
tibble,3.5.2
tidyr,3.5.1
tidyselect,3.5.1
tidytext,3.5.1
tidyverse,3.5.1
tinytex,3.5.2
tokenizers,3.5.0
tor,3.5.2
translations,3.5.2
travis,3.5.1
try,3.5.0
tsibble,3.5.2
udapi,3.5.1
udunits2,3.5.0
units,3.5.1
usethis,3.5.2
utf8,3.5.0
uuid,3.5.0
vegan,3.5.1
vet,3.5.1
vipor,3.5.0
viridis,3.5.1
viridisLite,3.5.1
visNetwork,3.5.1
vroom,3.5.2
whisker,3.5.0
whoami,3.5.1
withr,3.5.1
writexl,3.5.1
xfun,3.5.1
XML,3.5.1
xml2,3.5.0
xmlparsedata,3.5.1
xopen,3.5.1
xtable,3.5.1
yaml,3.5.1
yesno,3.5.0
yosemite,3.5.0
zip,3.5.1
